{
  "gamma": {
    "celebrity_industry": {
      "groups": 12,
      "n": 406,
      "df_between": 11,
      "df_within": 394,
      "F": 2.2714314868311924,
      "p": 0.010782274839114323
    },
    "celebrity_homestate": {
      "groups": 31,
      "n": 396,
      "df_between": 30,
      "df_within": 365,
      "F": 1.1725857107175912,
      "p": 0.24801987166149692
    },
    "celebrity_homecountry/region": {
      "groups": 7,
      "n": 398,
      "df_between": 6,
      "df_within": 391,
      "F": 1.9937610405000181,
      "p": 0.06555875613204253
    },
    "ballroom_partner": {
      "groups": 36,
      "n": 393,
      "df_between": 35,
      "df_within": 357,
      "F": 1.9353095377151965,
      "p": 0.0015995003882147074
    }
  },
  "J_mean": {
    "celebrity_industry": {
      "groups": 12,
      "n": 406,
      "df_between": 11,
      "df_within": 394,
      "F": 3.5403593304507224,
      "p": 9.290558028550783e-05
    },
    "celebrity_homestate": {
      "groups": 31,
      "n": 396,
      "df_between": 30,
      "df_within": 365,
      "F": 0.7760037912360477,
      "p": 0.79748320606964
    },
    "celebrity_homecountry/region": {
      "groups": 7,
      "n": 398,
      "df_between": 6,
      "df_within": 391,
      "F": 0.8094547901136119,
      "p": 0.5630042198805358
    },
    "ballroom_partner": {
      "groups": 36,
      "n": 393,
      "df_between": 35,
      "df_within": 357,
      "F": 3.1965356751834193,
      "p": 2.018510994356847e-08
    }
  }
}