{
  "slope": -0.013776456709380516,
  "intercept": 0.3415017711316515,
  "r2": 0.09056322053987131,
  "n": 421
}