{
  "slope": -0.015408018721515461,
  "intercept": 0.42660065250528756,
  "r2": 0.09025624998960124,
  "n": 421
}