{
  "slope": -0.017488273232435136,
  "intercept": 0.3550076793056299,
  "r2": 0.09748915369394562,
  "n": 421
}