{
  "slope": -0.050872433179905724,
  "intercept": 9.365430240154101,
  "r2": 0.27620526930600586,
  "n": 421
}