{
  "rank_vs_percent": 1.0,
  "rank_vs_pureV": 0.8203389830508474,
  "percent_vs_pureV": 0.8203389830508474,
  "events_count": 295.0,
  "rank_twostage_vs_rankpure": 0.9389830508474576
}