{
  "rank_vs_percent": 0.9796610169491525,
  "rank_vs_pureV": 0.7288135593220338,
  "percent_vs_pureV": 0.7423728813559322,
  "events_count": 295.0
}