{
  "rank_vs_percent": 0.9932203389830508,
  "rank_vs_pureV": 0.8372881355932204,
  "percent_vs_pureV": 0.8440677966101695,
  "events_count": 295.0
}