{
  "delta1_percent": 0.8718938231468201,
  "delta2_percent": 0.5615382194519043,
  "delta1_rank": 0.5118163824081421,
  "delta2_rank": 0.4996444582939148,
  "gamma": {
    "1-1-John O'Hurley": 0.6492050290107727,
    "1-2-Kelly Monaco": 0.5646427273750305,
    "1-3-Evander Holyfield": 0.22214777767658234,
    "1-4-Rachel Hunter": -0.45706018805503845,
    "1-5-Joey McIntyre": 0.48781144618988037,
    "1-6-Trista Sutter": -0.675771951675415,
    "2-1-Tatum O'Neal": -0.7376722097396851,
    "2-2-Tia Carrere": -0.3915170133113861,
    "2-3-George Hamilton": -0.13272111117839813,
    "2-4-Lisa Rinna": -0.09604361653327942,
    "2-5-Stacy Keibler": 0.1434793919324875,
    "2-6-Jerry Rice": 0.5646089315414429,
    "2-7-Giselle Fernandez": -0.7541977763175964,
    "2-8-Master P": 0.23541557788848877,
    "2-9-Drew Lachey": 0.7509455680847168,
    "2-10-Kenny Mayne": -0.5267447829246521,
    "3-1-Harry Hamlin": -0.7783240079879761,
    "3-2-Vivica A. Fox": -0.7153418660163879,
    "3-3-Monique Coleman": 0.3117412030696869,
    "3-4-Joey Lawrence": 0.333433598279953,
    "3-5-Mario Lopez": 0.34886160492897034,
    "3-6-Emmitt Smith": 0.8664717078208923,
    "3-7-Shanna Moakler": -1.5366228818893433,
    "3-8-Willa Ford": -0.24566087126731873,
    "3-9-Sara Evans": -0.2606443166732788,
    "3-10-Jerry Springer": 0.22443322837352753,
    "3-11-Tucker Carlson": -1.535916805267334,
    "4-1-John Ratzenberger": 0.08535414934158325,
    "4-2-Ian Ziering": 0.2989293932914734,
    "4-3-Clyde Drexler": -0.08688269555568695,
    "4-4-Laila Ali": 0.3667587339878082,
    "4-5-Apolo Anton Ohno": 0.5834960341453552,
    "4-6-Shandi Finnessey": -1.1208235025405884,
    "4-7-Paulina Porizkova": -1.6940828561782837,
    "4-8-Heather Mills": -0.6244844198226929,
    "4-9-Billy Ray Cyrus": 0.3019048571586609,
    "4-10-Joey Fatone": 0.41567301750183105,
    "4-11-Leeza Gibbons": -0.7253888845443726,
    "5-1-Cameron Mathison": 0.18273787200450897,
    "5-2-Jane Seymour": -0.04585481807589531,
    "5-3-Sabrina Bryan": -0.46839869022369385,
    "5-4-Jennie Garth": 0.319351464509964,
    "5-5-Floyd Mayweather Jr. ": -0.5216947793960571,
    "5-6-Josie Maran": -1.6108269691467285,
    "5-7-Albert Reed": -1.5978091955184937,
    "5-8-Helio Castroneves": 0.6555414199829102,
    "5-9-Mel B": 0.4830368459224701,
    "5-10-Wayne Newton": -0.6162123680114746,
    "5-11-Marie Osmond": 0.3171253502368927,
    "5-12-Mark Cuban": -0.22577601671218872,
    "6-1-Cristian de la Fuente": 0.7781521677970886,
    "6-2-Steve Guttenberg": -1.0187417268753052,
    "6-3-Priscilla Presley": -0.4823293387889862,
    "6-4-Marlee Matlin": -0.1608608216047287,
    "6-5-Shannon Elizabeth": -0.10965243726968765,
    "6-6-Marissa Jaret Winokur": 0.458866149187088,
    "6-7-Jason Taylor": 0.3740030825138092,
    "6-8-Kristi Yamaguchi": 0.6615866422653198,
    "6-9-Monica Seles": -1.498583197593689,
    "6-10-Penn Jillette": -1.6770615577697754,
    "6-11-Adam Carolla": -0.5814971923828125,
    "6-12-Mario": -0.3753155767917633,
    "7-1-Ted McGinley": -1.6076058149337769,
    "7-2-Cloris Leachman": 0.38194602727890015,
    "7-3-Susan Lucci": 0.24971643090248108,
    "7-4-Cody Linley": 0.7078992128372192,
    "7-5-Misty May-Treanor": -1.2781345844268799,
    "7-6-Maurice Greene": 0.576858639717102,
    "7-7-Warren Sapp": 0.8546779751777649,
    "7-8-Jeffrey Ross": -0.7597740292549133,
    "7-9-Toni Braxton": -0.11785159260034561,
    "7-10-Lance Bass": 0.8833575248718262,
    "7-11-Kim Kardashian": -0.9217761754989624,
    "7-12-Rocco DiSpirito": -0.053116537630558014,
    "7-13-Brooke Burke": 0.6731250882148743,
    "8-1-Gilles Marini": 0.4954715669155121,
    "8-2-Denise Richards": -1.5142548084259033,
    "8-3-David Alan Grier": -0.5883879065513611,
    "8-4-Lawrence Taylor": 0.10001399368047714,
    "8-5-Ty Murray": 0.5350580811500549,
    "8-6-Shawn Johnson": 0.43079525232315063,
    "8-7-Steve Wozniak": -0.18474090099334717,
    "8-8-Belinda Carlisle": -1.7030502557754517,
    "8-9-Chuck Wicks": 0.02953636460006237,
    "8-10-Lil' Kim": 0.2055933028459549,
    "8-11-Steve-O": 0.09316784143447876,
    "8-12-Holly Madison": -0.6349979639053345,
    "8-13-Melissa Rycroft": 0.4234320819377899,
    "9-1-Ashley Hamiliton": -1.7333019971847534,
    "9-2-Debi Mazar": -0.9892555475234985,
    "9-3-Melissa Joan Hart": -0.14873558282852173,
    "9-4-Mark Dacascos": 0.2284359335899353,
    "9-5-Chuck Liddell": -0.5985001921653748,
    "9-6-Natalie Coughlin": -0.7368643879890442,
    "9-7-Louie Vito": -0.10523553192615509,
    "9-8-Michael Irvin": 0.17838004231452942,
    "9-9-Joanna Krupa": 0.20718571543693542,
    "9-10-Kathy Ireland": -1.519497275352478,
    "9-11-Tom DeLay": -0.7595985531806946,
    "9-12-Macy Gray": -1.7409813404083252,
    "9-13-Aaron Carter": 0.1158803403377533,
    "9-14-Mya": 0.2799932360649109,
    "9-15-Donny Osmond": 0.6786596775054932,
    "9-16-Kelly Osbourne": 0.6252883672714233,
    "10-1-Aiden Turner": -0.42821580171585083,
    "10-2-Shannen Doherty": -1.6592715978622437,
    "10-3-Niecy Nash": 0.4470931887626648,
    "10-4-Buzz Aldrin": -0.21798458695411682,
    "10-5-Chad Ochocinco": 0.5346470475196838,
    "10-6-Evan Lysacek": 0.6953961849212646,
    "10-7-Pamela Anderson": 0.004736462142318487,
    "10-8-Nicole Scherzinger": 0.7317432761192322,
    "10-9-Erin Andrews": 0.38889268040657043,
    "10-10-Kate Gosselin": -0.03963139280676842,
    "10-11-Jake Pavelka": -0.020117679610848427,
    "11-1-David Hasselhoff": -1.7591716051101685,
    "11-2-Florence Henderson": -0.5707866549491882,
    "11-3-Kyle Massey": 0.5583297610282898,
    "11-4-Jennifer Grey": 0.40322816371917725,
    "11-5-Rick Fox": -0.09917408227920532,
    "11-6-Kurt Warner": 0.2862207889556885,
    "11-7-Margaret Cho": -1.0743666887283325,
    "11-8-Michael Bolton": -1.221627116203308,
    "11-9-Brandy": 0.13569578528404236,
    "11-10-The Situation": -0.7000800371170044,
    "11-11-Audrina Patridge": -0.5529516935348511,
    "11-12-Bristol Palin": 0.45929816365242004,
    "12-1-Ralph Macchio": 0.49382027983665466,
    "12-2-Chelsea Kane": 0.4801965355873108,
    "12-3-Kirstie Alley": 0.45656198263168335,
    "12-4-Hines Ward": 0.6600120067596436,
    "12-5-Sugar Ray Leonard": -0.8738629817962646,
    "12-6-Chris Jericho": -0.234660804271698,
    "12-7-Petra Nemcova": -0.5235494375228882,
    "12-8-Mike Catherwood": -1.6776043176651,
    "12-9-Romeo": -0.016453402116894722,
    "12-10-Wendy Williams": -0.9993488192558289,
    "12-11-Kendra Wilkinson": -0.058342885226011276,
    "13-1-Elisabetta Canalis": -1.3671501874923706,
    "13-2-David Arquette": 0.22721998393535614,
    "13-3-Ricki Lake": 0.6933145523071289,
    "13-4-J.R. Martinez": 0.9256607890129089,
    "13-5-Metta World Peace (Ron)": -1.6077920198440552,
    "13-6-Hope Solo": 0.49424248933792114,
    "13-7-Chynna Phillips": -0.5179741382598877,
    "13-8-Kristin Cavallari": -1.0786784887313843,
    "13-9-Carson Kressley": 0.057456422597169876,
    "13-10-Chaz Bono": 0.16631586849689484,
    "13-11-Nancy Grace": 0.3254361152648926,
    "13-12-Rob Kardashian": 0.6083255410194397,
    "14-1-William Levy": 0.4007158875465393,
    "14-2-Jack Wagner": -1.5028038024902344,
    "14-3-Sherri Sheperd": -0.9260678887367249,
    "14-4-Jaleel White": -0.27963775396347046,
    "14-5-Roshon Fegan": 0.11014273017644882,
    "14-6-Melissa Gilbert": 0.1744273155927658,
    "14-7-Martina Navratilova": -1.6227748394012451,
    "14-8-Donald Driver": 0.8302225470542908,
    "14-9-Gavin DeGraw": -0.5182811617851257,
    "14-10-Gladys Knight": -0.17212115228176117,
    "14-11-Katherine Jenkins": 0.6178357601165771,
    "14-12-Maria Menounos": 0.3030153810977936,
    "15-1-Gilles Marini": 0.2248401641845703,
    "15-2-Sabrina Bryan": -0.18674321472644806,
    "15-3-Kirstie Alley": 0.3514123857021332,
    "15-4-Kelly Monaco": 0.5703405141830444,
    "15-5-Apolo Anton Ohno": 0.5359095335006714,
    "15-6-Emmitt Smith": 0.5509409308433533,