{
  "delta1_percent": -0.10895437002182007,
  "delta2_percent": 0.3199668228626251,
  "delta1_rank": -0.7354808449745178,
  "delta2_rank": 0.5407796502113342,
  "gamma": {
    "1-1-John O'Hurley": 0.05206746235489845,
    "1-2-Kelly Monaco": 0.059403736144304276,
    "1-3-Evander Holyfield": 0.3398023843765259,
    "1-4-Rachel Hunter": -0.03898349776864052,
    "1-5-Joey McIntyre": 0.018385760486125946,
    "1-6-Trista Sutter": -0.3910065293312073,
    "2-1-Tatum O'Neal": -0.532986044883728,
    "2-2-Tia Carrere": -0.2903711497783661,
    "2-3-George Hamilton": -0.22371923923492432,
    "2-4-Lisa Rinna": -0.3747500479221344,
    "2-5-Stacy Keibler": -0.25763049721717834,
    "2-6-Jerry Rice": 0.3317287862300873,
    "2-7-Giselle Fernandez": -0.5262646079063416,
    "2-8-Master P": 1.1633126735687256,
    "2-9-Drew Lachey": -0.24569006264209747,
    "2-10-Kenny Mayne": -0.558318555355072,
    "3-1-Harry Hamlin": -1.2523325681686401,
    "3-2-Vivica A. Fox": -1.1760222911834717,
    "3-3-Monique Coleman": -0.14915074408054352,
    "3-4-Joey Lawrence": -0.07428979873657227,
    "3-5-Mario Lopez": 0.1844426542520523,
    "3-6-Emmitt Smith": 0.2793782949447632,
    "3-7-Shanna Moakler": -1.7672287225723267,
    "3-8-Willa Ford": -0.7684685587882996,
    "3-9-Sara Evans": -0.5241963267326355,
    "3-10-Jerry Springer": -0.24896864593029022,
    "3-11-Tucker Carlson": -2.6733131408691406,
    "4-1-John Ratzenberger": 0.06273776292800903,
    "4-2-Ian Ziering": 0.26637333631515503,
    "4-3-Clyde Drexler": -0.4887182414531708,
    "4-4-Laila Ali": 0.3492484986782074,
    "4-5-Apolo Anton Ohno": 0.5436092019081116,
    "4-6-Shandi Finnessey": -1.3854138851165771,
    "4-7-Paulina Porizkova": -1.904815673828125,
    "4-8-Heather Mills": -0.4256105124950409,
    "4-9-Billy Ray Cyrus": 0.19529925286769867,
    "4-10-Joey Fatone": 0.34554323554039,
    "4-11-Leeza Gibbons": -1.179158091545105,
    "5-1-Cameron Mathison": 0.046286989003419876,
    "5-2-Jane Seymour": -0.09717776626348495,
    "5-3-Sabrina Bryan": -0.5165704488754272,
    "5-4-Jennie Garth": 0.2207033485174179,
    "5-5-Floyd Mayweather Jr. ": -1.0527359247207642,
    "5-6-Josie Maran": -2.703373908996582,
    "5-7-Albert Reed": -1.9716688394546509,
    "5-8-Helio Castroneves": 0.5215320587158203,
    "5-9-Mel B": 0.2838294804096222,
    "5-10-Wayne Newton": -1.360548973083496,
    "5-11-Marie Osmond": 0.45310238003730774,
    "5-12-Mark Cuban": -0.6100236177444458,
    "6-1-Cristian de la Fuente": 0.3751961886882782,
    "6-2-Steve Guttenberg": -0.9909552931785583,
    "6-3-Priscilla Presley": -0.4063880443572998,
    "6-4-Marlee Matlin": -0.0691084936261177,
    "6-5-Shannon Elizabeth": 0.07310428470373154,
    "6-6-Marissa Jaret Winokur": 0.3023300766944885,
    "6-7-Jason Taylor": 0.3949833810329437,
    "6-8-Kristi Yamaguchi": 0.5132691264152527,
    "6-9-Monica Seles": -1.9020434617996216,
    "6-10-Penn Jillette": -1.883501648902893,
    "6-11-Adam Carolla": -0.6998788118362427,
    "6-12-Mario": -0.12935957312583923,
    "7-1-Ted McGinley": -1.6176066398620605,
    "7-2-Cloris Leachman": -0.13797348737716675,
    "7-3-Susan Lucci": -0.020190492272377014,
    "7-4-Cody Linley": 0.23960062861442566,
    "7-5-Misty May-Treanor": -1.053053379058838,
    "7-6-Maurice Greene": 0.10150286555290222,
    "7-7-Warren Sapp": 0.30979830026626587,
    "7-8-Jeffrey Ross": -1.6575164794921875,
    "7-9-Toni Braxton": -0.4714009463787079,
    "7-10-Lance Bass": 0.3042285740375519,
    "7-11-Kim Kardashian": -1.2020022869110107,
    "7-12-Rocco DiSpirito": -0.5642045140266418,
    "7-13-Brooke Burke": 0.6518227458000183,
    "8-1-Gilles Marini": 0.252825528383255,
    "8-2-Denise Richards": -1.8639709949493408,
    "8-3-David Alan Grier": -0.8155533075332642,
    "8-4-Lawrence Taylor": -0.14699818193912506,
    "8-5-Ty Murray": 0.34571149945259094,
    "8-6-Shawn Johnson": 0.742678165435791,
    "8-7-Steve Wozniak": -1.0217546224594116,
    "8-8-Belinda Carlisle": -1.9561442136764526,
    "8-9-Chuck Wicks": -0.016454650089144707,
    "8-10-Lil' Kim": 0.06049216538667679,
    "8-11-Steve-O": -0.2932959496974945,
    "8-12-Holly Madison": -1.0083235502243042,
    "8-13-Melissa Rycroft": 0.37906455993652344,
    "9-1-Ashley Hamiliton": -1.7909389734268188,
    "9-2-Debi Mazar": -0.7268621921539307,
    "9-3-Melissa Joan Hart": -0.05322079360485077,
    "9-4-Mark Dacascos": 0.15349847078323364,
    "9-5-Chuck Liddell": -0.5089262127876282,
    "9-6-Natalie Coughlin": -0.4372292160987854,
    "9-7-Louie Vito": -0.04936305060982704,
    "9-8-Michael Irvin": 0.16283653676509857,
    "9-9-Joanna Krupa": 0.2754441797733307,
    "9-10-Kathy Ireland": -1.202953577041626,
    "9-11-Tom DeLay": -0.7280635833740234,
    "9-12-Macy Gray": -1.7956782579421997,
    "9-13-Aaron Carter": 0.2299818992614746,
    "9-14-Mya": 0.346143901348114,
    "9-15-Donny Osmond": 0.4860670864582062,
    "9-16-Kelly Osbourne": 0.36303532123565674,
    "10-1-Aiden Turner": -1.0553722381591797,
    "10-2-Shannen Doherty": -2.0066967010498047,
    "10-3-Niecy Nash": 0.1250160038471222,
    "10-4-Buzz Aldrin": -1.2848738431930542,
    "10-5-Chad Ochocinco": 0.21934910118579865,
    "10-6-Evan Lysacek": 0.31433916091918945,
    "10-7-Pamela Anderson": -0.28008729219436646,
    "10-8-Nicole Scherzinger": 0.7640467286109924,
    "10-9-Erin Andrews": 0.2811300754547119,
    "10-10-Kate Gosselin": -0.5044223666191101,
    "10-11-Jake Pavelka": -0.394805908203125,
    "11-1-David Hasselhoff": -2.181027889251709,
    "11-2-Florence Henderson": -0.47966235876083374,
    "11-3-Kyle Massey": 0.3657470941543579,
    "11-4-Jennifer Grey": 0.5148391723632812,
    "11-5-Rick Fox": -0.019055139273405075,
    "11-6-Kurt Warner": 0.15750697255134583,
    "11-7-Margaret Cho": -1.1070585250854492,
    "11-8-Michael Bolton": -1.4878206253051758,
    "11-9-Brandy": 0.23927301168441772,
    "11-10-The Situation": -0.7470921277999878,
    "11-11-Audrina Patridge": -0.3636546730995178,
    "11-12-Bristol Palin": 0.3492463231086731,
    "12-1-Ralph Macchio": 0.4986530840396881,
    "12-2-Chelsea Kane": -0.009537582285702229,
    "12-3-Kirstie Alley": 0.7164328694343567,
    "12-4-Hines Ward": 0.8069002628326416,
    "12-5-Sugar Ray Leonard": -1.1350065469741821,
    "12-6-Chris Jericho": -0.7114776372909546,
    "12-7-Petra Nemcova": -0.8365755677223206,
    "12-8-Mike Catherwood": -1.839066982269287,
    "12-9-Romeo": -0.10609294474124908,
    "12-10-Wendy Williams": -1.3252208232879639,
    "12-11-Kendra Wilkinson": -0.33485743403434753,
    "13-1-Elisabetta Canalis": -1.3159148693084717,
    "13-2-David Arquette": 0.06344419717788696,
    "13-3-Ricki Lake": 0.3301194906234741,
    "13-4-J.R. Martinez": 0.3529670536518097,
    "13-5-Metta World Peace (Ron)": -2.230232000350952,
    "13-6-Hope Solo": 0.21100367605686188,
    "13-7-Chynna Phillips": -1.0069937705993652,
    "13-8-Kristin Cavallari": -1.2259925603866577,
    "13-9-Carson Kressley": -0.2942425608634949,
    "13-10-Chaz Bono": -0.04029769077897072,
    "13-11-Nancy Grace": 0.1418944150209427,
    "13-12-Rob Kardashian": 0.32767221331596375,
    "14-1-William Levy": 0.32747334241867065,
    "14-2-Jack Wagner": -1.973444938659668,
    "14-3-Sherri Sheperd": -1.4934829473495483,
    "14-4-Jaleel White": -0.5386336445808411,
    "14-5-Roshon Fegan": -0.12814339995384216,
    "14-6-Melissa Gilbert": 0.2012912631034851,
    "14-7-Martina Navratilova": -2.9859988689422607,
    "14-8-Donald Driver": 0.4129486083984375,
    "14-9-Gavin DeGraw": -1.1026928424835205,
    "14-10-Gladys Knight": -0.6395653486251831,
    "14-11-Katherine Jenkins": 0.3526836335659027,
    "14-12-Maria Menounos": 0.3239130675792694,
    "15-1-Gilles Marini": -0.11659862101078033,
    "15-2-Sabrina Bryan": -0.43383005261421204,
    "15-3-Kirstie Alley": 0.01022317260503769,
    "15-4-Kelly Monaco": 0.2514190077781677,
    "15-5-Apolo Anton Ohno": -0.0013999181101098657,
    "15-6-Emmitt Smith": 0.1381198912858963,