{
  "delta1_percent": 0.4197017550468445,
  "delta2_percent": 0.4291522800922394,
  "delta1_rank": 0.3196072280406952,
  "delta2_rank": 0.4146551489830017,
  "gamma": {
    "1-1-John O'Hurley": 0.5745556354522705,
    "1-2-Kelly Monaco": 0.5470823645591736,
    "1-3-Evander Holyfield": 0.1827094554901123,
    "1-4-Rachel Hunter": -0.4217703938484192,
    "1-5-Joey McIntyre": 0.43530967831611633,
    "1-6-Trista Sutter": -0.5903853178024292,
    "2-1-Tatum O'Neal": -0.6098173260688782,
    "2-2-Tia Carrere": -0.36505502462387085,
    "2-3-George Hamilton": -0.14216969907283783,
    "2-4-Lisa Rinna": -0.1454242467880249,
    "2-5-Stacy Keibler": 0.10005129873752594,
    "2-6-Jerry Rice": 0.4611494243144989,
    "2-7-Giselle Fernandez": -0.690854012966156,
    "2-8-Master P": 0.24313674867153168,
    "2-9-Drew Lachey": 0.7408474683761597,
    "2-10-Kenny Mayne": -0.4211999475955963,
    "3-1-Harry Hamlin": -0.6966798901557922,
    "3-2-Vivica A. Fox": -0.6336970925331116,
    "3-3-Monique Coleman": 0.2499866932630539,
    "3-4-Joey Lawrence": 0.2725958824157715,
    "3-5-Mario Lopez": 0.30608832836151123,
    "3-6-Emmitt Smith": 0.7163477540016174,
    "3-7-Shanna Moakler": -1.4175363779067993,
    "3-8-Willa Ford": -0.23222482204437256,
    "3-9-Sara Evans": -0.21328672766685486,
    "3-10-Jerry Springer": 0.1921004205942154,
    "3-11-Tucker Carlson": -1.4322571754455566,
    "4-1-John Ratzenberger": 0.034930940717458725,
    "4-2-Ian Ziering": 0.23370738327503204,
    "4-3-Clyde Drexler": -0.1125611662864685,
    "4-4-Laila Ali": 0.2914583086967468,
    "4-5-Apolo Anton Ohno": 0.47266095876693726,
    "4-6-Shandi Finnessey": -0.9401570558547974,
    "4-7-Paulina Porizkova": -1.5772305727005005,
    "4-8-Heather Mills": -0.582899808883667,
    "4-9-Billy Ray Cyrus": 0.25106340646743774,
    "4-10-Joey Fatone": 0.32759571075439453,
    "4-11-Leeza Gibbons": -0.6339662671089172,
    "5-1-Cameron Mathison": 0.1114502027630806,
    "5-2-Jane Seymour": -0.08439342677593231,
    "5-3-Sabrina Bryan": -0.45915162563323975,
    "5-4-Jennie Garth": 0.2271803617477417,
    "5-5-Floyd Mayweather Jr. ": -0.46137306094169617,
    "5-6-Josie Maran": -1.512145757675171,
    "5-7-Albert Reed": -1.5167077779769897,
    "5-8-Helio Castroneves": 0.5128204226493835,
    "5-9-Mel B": 0.36046352982521057,
    "5-10-Wayne Newton": -0.5401188135147095,
    "5-11-Marie Osmond": 0.26837366819381714,
    "5-12-Mark Cuban": -0.21858946979045868,
    "6-1-Cristian de la Fuente": 0.5777552127838135,
    "6-2-Steve Guttenberg": -0.9134501814842224,
    "6-3-Priscilla Presley": -0.4785684049129486,
    "6-4-Marlee Matlin": -0.21754847466945648,
    "6-5-Shannon Elizabeth": -0.17398178577423096,
    "6-6-Marissa Jaret Winokur": 0.3167280852794647,
    "6-7-Jason Taylor": 0.25412124395370483,
    "6-8-Kristi Yamaguchi": 0.4799928069114685,
    "6-9-Monica Seles": -1.3557847738265991,
    "6-10-Penn Jillette": -1.6183651685714722,
    "6-11-Adam Carolla": -0.5576475858688354,
    "6-12-Mario": -0.3492122292518616,
    "7-1-Ted McGinley": -1.509596586227417,
    "7-2-Cloris Leachman": 0.33371493220329285,
    "7-3-Susan Lucci": 0.21660751104354858,
    "7-4-Cody Linley": 0.615273118019104,
    "7-5-Misty May-Treanor": -1.1006358861923218,
    "7-6-Maurice Greene": 0.4890535771846771,
    "7-7-Warren Sapp": 0.7318047881126404,
    "7-8-Jeffrey Ross": -0.575719952583313,
    "7-9-Toni Braxton": -0.10316967219114304,
    "7-10-Lance Bass": 0.7544043660163879,
    "7-11-Kim Kardashian": -0.764819860458374,
    "7-12-Rocco DiSpirito": -0.0513249896466732,
    "7-13-Brooke Burke": 0.597692608833313,
    "8-1-Gilles Marini": 0.39356687664985657,
    "8-2-Denise Richards": -1.3120250701904297,
    "8-3-David Alan Grier": -0.533762514591217,
    "8-4-Lawrence Taylor": 0.056982722133398056,
    "8-5-Ty Murray": 0.4329378306865692,
    "8-6-Shawn Johnson": 0.3549656271934509,
    "8-7-Steve Wozniak": -0.1596599519252777,
    "8-8-Belinda Carlisle": -1.5879682302474976,
    "8-9-Chuck Wicks": -0.0074770087376236916,
    "8-10-Lil' Kim": 0.13341668248176575,
    "8-11-Steve-O": 0.07133957743644714,
    "8-12-Holly Madison": -0.5366517901420593,
    "8-13-Melissa Rycroft": 0.33748891949653625,
    "9-1-Ashley Hamiliton": -1.6737698316574097,
    "9-2-Debi Mazar": -0.8844492435455322,
    "9-3-Melissa Joan Hart": -0.1911923736333847,
    "9-4-Mark Dacascos": 0.17328982055187225,
    "9-5-Chuck Liddell": -0.559421181678772,
    "9-6-Natalie Coughlin": -0.6651101112365723,
    "9-7-Louie Vito": -0.15979689359664917,
    "9-8-Michael Irvin": 0.1023215800523758,
    "9-9-Joanna Krupa": 0.1423969864845276,
    "9-10-Kathy Ireland": -1.3413141965866089,
    "9-11-Tom DeLay": -0.6862288117408752,
    "9-12-Macy Gray": -1.6817958354949951,
    "9-13-Aaron Carter": 0.06244043633341789,
    "9-14-Mya": 0.201179638504982,
    "9-15-Donny Osmond": 0.5216958522796631,
    "9-16-Kelly Osbourne": 0.4804631769657135,
    "10-1-Aiden Turner": -0.3772071897983551,
    "10-2-Shannen Doherty": -1.5583854913711548,
    "10-3-Niecy Nash": 0.2906773090362549,
    "10-4-Buzz Aldrin": -0.19948266446590424,
    "10-5-Chad Ochocinco": 0.36207786202430725,
    "10-6-Evan Lysacek": 0.4815233647823334,
    "10-7-Pamela Anderson": -0.06400343775749207,
    "10-8-Nicole Scherzinger": 0.5233316421508789,
    "10-9-Erin Andrews": 0.2477312684059143,
    "10-10-Kate Gosselin": -0.06402799487113953,
    "10-11-Jake Pavelka": -0.07826092839241028,
    "11-1-David Hasselhoff": -1.6913560628890991,
    "11-2-Florence Henderson": -0.5775259137153625,
    "11-3-Kyle Massey": 0.4269561767578125,
    "11-4-Jennifer Grey": 0.2965798079967499,
    "11-5-Rick Fox": -0.12897707521915436,
    "11-6-Kurt Warner": 0.20536255836486816,
    "11-7-Margaret Cho": -0.9711509943008423,
    "11-8-Michael Bolton": -1.0472248792648315,
    "11-9-Brandy": 0.07897991687059402,
    "11-10-The Situation": -0.6753754019737244,
    "11-11-Audrina Patridge": -0.53714919090271,
    "11-12-Bristol Palin": 0.35218000411987305,
    "12-1-Ralph Macchio": 0.3947819769382477,
    "12-2-Chelsea Kane": 0.3679337501525879,
    "12-3-Kirstie Alley": 0.36144858598709106,
    "12-4-Hines Ward": 0.5220050811767578,
    "12-5-Sugar Ray Leonard": -0.7706938982009888,
    "12-6-Chris Jericho": -0.2553403675556183,
    "12-7-Petra Nemcova": -0.48389503359794617,
    "12-8-Mike Catherwood": -1.5759530067443848,
    "12-9-Romeo": -0.03720108047127724,
    "12-10-Wendy Williams": -0.8379762172698975,
    "12-11-Kendra Wilkinson": -0.10421979427337646,
    "13-1-Elisabetta Canalis": -1.228414535522461,
    "13-2-David Arquette": 0.16610252857208252,
    "13-3-Ricki Lake": 0.5539187788963318,
    "13-4-J.R. Martinez": 0.7480912804603577,
    "13-5-Metta World Peace (Ron)": -1.578203558921814,
    "13-6-Hope Solo": 0.40773963928222656,
    "13-7-Chynna Phillips": -0.4549182653427124,
    "13-8-Kristin Cavallari": -0.8727668523788452,
    "13-9-Carson Kressley": 0.03163602948188782,
    "13-10-Chaz Bono": 0.12432706356048584,
    "13-11-Nancy Grace": 0.2764216959476471,
    "13-12-Rob Kardashian": 0.4852166473865509,
    "14-1-William Levy": 0.29375967383384705,
    "14-2-Jack Wagner": -1.3955602645874023,
    "14-3-Sherri Sheperd": -0.8146466016769409,
    "14-4-Jaleel White": -0.3359936773777008,
    "14-5-Roshon Fegan": 0.005015307106077671,
    "14-6-Melissa Gilbert": 0.073360376060009,
    "14-7-Martina Navratilova": -1.5584588050842285,
    "14-8-Donald Driver": 0.6352840065956116,
    "14-9-Gavin DeGraw": -0.5013744235038757,
    "14-10-Gladys Knight": -0.2165108025074005,
    "14-11-Katherine Jenkins": 0.4589826166629791,
    "14-12-Maria Menounos": 0.19243189692497253,
    "15-1-Gilles Marini": 0.16765668988227844,
    "15-2-Sabrina Bryan": -0.18489225208759308,
    "15-3-Kirstie Alley": 0.292818158864975,
    "15-4-Kelly Monaco": 0.4730852544307709,
    "15-5-Apolo Anton Ohno": 0.4209645092487335,
    "15-6-Emmitt Smith": 0.44422656297683716,