{
  "delta1_percent": -0.1229889765381813,
  "delta2_percent": 0.32360199093818665,
  "delta1_rank": -0.09474432468414307,
  "delta2_rank": 0.7432652115821838,
  "gamma": {
    "1-1-John O'Hurley": -0.034959252923727036,
    "1-2-Kelly Monaco": 0.7387396693229675,
    "1-3-Evander Holyfield": -0.13784261047840118,
    "1-4-Rachel Hunter": -1.2698290348052979,
    "1-5-Joey McIntyre": 0.1844967156648636,
    "1-6-Trista Sutter": -1.401613473892212,
    "2-1-Tatum O'Neal": -1.083605408668518,
    "2-2-Tia Carrere": 0.2201688289642334,
    "2-3-George Hamilton": 0.31822526454925537,
    "2-4-Lisa Rinna": 0.3756886124610901,
    "2-5-Stacy Keibler": 0.3796157240867615,
    "2-6-Jerry Rice": 0.36455968022346497,
    "2-7-Giselle Fernandez": -0.9396815299987793,
    "2-8-Master P": 0.12343047559261322,
    "2-9-Drew Lachey": 0.4682775139808655,
    "2-10-Kenny Mayne": -1.3167644739151,
    "3-1-Harry Hamlin": -1.2704371213912964,
    "3-2-Vivica A. Fox": -1.1834633350372314,
    "3-3-Monique Coleman": -0.1591559201478958,
    "3-4-Joey Lawrence": -0.06844361871480942,
    "3-5-Mario Lopez": 0.17692327499389648,
    "3-6-Emmitt Smith": 0.2759149372577667,
    "3-7-Shanna Moakler": -1.7955855131149292,
    "3-8-Willa Ford": -0.7586935758590698,
    "3-9-Sara Evans": -0.5271481275558472,
    "3-10-Jerry Springer": -0.26994407176971436,
    "3-11-Tucker Carlson": -2.723207950592041,
    "4-1-John Ratzenberger": 0.04993998259305954,
    "4-2-Ian Ziering": 0.26325657963752747,
    "4-3-Clyde Drexler": -0.479708731174469,
    "4-4-Laila Ali": 0.36827194690704346,
    "4-5-Apolo Anton Ohno": 0.47082754969596863,
    "4-6-Shandi Finnessey": -1.4119967222213745,
    "4-7-Paulina Porizkova": -1.9490586519241333,
    "4-8-Heather Mills": -0.3856392800807953,
    "4-9-Billy Ray Cyrus": 0.18451154232025146,
    "4-10-Joey Fatone": 0.36181509494781494,
    "4-11-Leeza Gibbons": -1.198048710823059,
    "5-1-Cameron Mathison": 0.07663368433713913,
    "5-2-Jane Seymour": -0.07639165967702866,
    "5-3-Sabrina Bryan": -0.49439534544944763,
    "5-4-Jennie Garth": 0.2279796004295349,
    "5-5-Floyd Mayweather Jr. ": -1.056958794593811,
    "5-6-Josie Maran": -2.76218581199646,
    "5-7-Albert Reed": -2.01515531539917,
    "5-8-Helio Castroneves": 0.524061918258667,
    "5-9-Mel B": 0.3028695285320282,
    "5-10-Wayne Newton": -1.3767086267471313,
    "5-11-Marie Osmond": 0.4188598692417145,
    "5-12-Mark Cuban": -0.6055055856704712,
    "6-1-Cristian de la Fuente": 0.37426355481147766,
    "6-2-Steve Guttenberg": -0.9970327019691467,
    "6-3-Priscilla Presley": -0.39524444937705994,
    "6-4-Marlee Matlin": -0.08050020784139633,
    "6-5-Shannon Elizabeth": 0.0766165554523468,
    "6-6-Marissa Jaret Winokur": 0.293910950422287,
    "6-7-Jason Taylor": 0.4016933739185333,
    "6-8-Kristi Yamaguchi": 0.5162212252616882,
    "6-9-Monica Seles": -1.9337958097457886,
    "6-10-Penn Jillette": -1.9108372926712036,
    "6-11-Adam Carolla": -0.6967908143997192,
    "6-12-Mario": -0.12602806091308594,
    "7-1-Ted McGinley": -1.6408030986785889,
    "7-2-Cloris Leachman": -0.1563614010810852,
    "7-3-Susan Lucci": -0.020268812775611877,
    "7-4-Cody Linley": 0.24546590447425842,
    "7-5-Misty May-Treanor": -1.0796926021575928,
    "7-6-Maurice Greene": 0.09813988953828812,
    "7-7-Warren Sapp": 0.31939277052879333,
    "7-8-Jeffrey Ross": -1.6995267868041992,
    "7-9-Toni Braxton": -0.48647990822792053,
    "7-10-Lance Bass": 0.32242223620414734,
    "7-11-Kim Kardashian": -1.2244755029678345,
    "7-12-Rocco DiSpirito": -0.5883677005767822,
    "7-13-Brooke Burke": 0.5464168787002563,
    "8-1-Gilles Marini": 0.28823691606521606,
    "8-2-Denise Richards": -1.9056942462921143,
    "8-3-David Alan Grier": -0.8267162442207336,
    "8-4-Lawrence Taylor": -0.13411550223827362,
    "8-5-Ty Murray": 0.3242432475090027,
    "8-6-Shawn Johnson": 0.7062022089958191,
    "8-7-Steve Wozniak": -1.0484280586242676,
    "8-8-Belinda Carlisle": -1.9993385076522827,
    "8-9-Chuck Wicks": 0.013954553753137589,
    "8-10-Lil' Kim": 0.10082780569791794,
    "8-11-Steve-O": -0.2884242832660675,
    "8-12-Holly Madison": -1.0336802005767822,
    "8-13-Melissa Rycroft": 0.366732120513916,
    "9-1-Ashley Hamiliton": -1.821451187133789,
    "9-2-Debi Mazar": -0.7348812818527222,
    "9-3-Melissa Joan Hart": -0.05315789207816124,
    "9-4-Mark Dacascos": 0.13444359600543976,
    "9-5-Chuck Liddell": -0.5150871276855469,
    "9-6-Natalie Coughlin": -0.429109126329422,
    "9-7-Louie Vito": -0.030664056539535522,
    "9-8-Michael Irvin": 0.1386774182319641,
    "9-9-Joanna Krupa": 0.2705557346343994,
    "9-10-Kathy Ireland": -1.2220289707183838,
    "9-11-Tom DeLay": -0.7413684129714966,
    "9-12-Macy Gray": -1.8276002407073975,
    "9-13-Aaron Carter": 0.22136236727237701,
    "9-14-Mya": 0.34407806396484375,
    "9-15-Donny Osmond": 0.511891782283783,
    "9-16-Kelly Osbourne": 0.3772866725921631,
    "10-1-Aiden Turner": -1.0851263999938965,
    "10-2-Shannen Doherty": -2.049560546875,
    "10-3-Niecy Nash": 0.11242976784706116,
    "10-4-Buzz Aldrin": -1.3147666454315186,
    "10-5-Chad Ochocinco": 0.2127486765384674,
    "10-6-Evan Lysacek": 0.33061912655830383,
    "10-7-Pamela Anderson": -0.2756999135017395,
    "10-8-Nicole Scherzinger": 0.6725913286209106,
    "10-9-Erin Andrews": 0.29967328906059265,
    "10-10-Kate Gosselin": -0.5358736515045166,
    "10-11-Jake Pavelka": -0.40920189023017883,
    "11-1-David Hasselhoff": -2.227029800415039,
    "11-2-Florence Henderson": -0.4563136398792267,
    "11-3-Kyle Massey": 0.3613722324371338,
    "11-4-Jennifer Grey": 0.5142902731895447,
    "11-5-Rick Fox": 0.005459205247461796,
    "11-6-Kurt Warner": 0.1589365303516388,
    "11-7-Margaret Cho": -1.1142492294311523,
    "11-8-Michael Bolton": -1.514248013496399,
    "11-9-Brandy": 0.23979493975639343,
    "11-10-The Situation": -0.734916627407074,
    "11-11-Audrina Patridge": -0.32237112522125244,
    "11-12-Bristol Palin": 0.34900709986686707,
    "12-1-Ralph Macchio": 0.5011361241340637,
    "12-2-Chelsea Kane": 0.016365574672818184,
    "12-3-Kirstie Alley": 0.7027935981750488,
    "12-4-Hines Ward": 0.7913151979446411,
    "12-5-Sugar Ray Leonard": -1.1593178510665894,
    "12-6-Chris Jericho": -0.7155802249908447,
    "12-7-Petra Nemcova": -0.8477243185043335,
    "12-8-Mike Catherwood": -1.9107447862625122,
    "12-9-Romeo": -0.07050754129886627,
    "12-10-Wendy Williams": -1.380218744277954,
    "12-11-Kendra Wilkinson": -0.32026928663253784,
    "13-1-Elisabetta Canalis": -1.3343217372894287,
    "13-2-David Arquette": 0.04029369354248047,
    "13-3-Ricki Lake": 0.33543404936790466,
    "13-4-J.R. Martinez": 0.3620968759059906,
    "13-5-Metta World Peace (Ron)": -2.267836570739746,
    "13-6-Hope Solo": 0.20870621502399445,
    "13-7-Chynna Phillips": -1.0188586711883545,
    "13-8-Kristin Cavallari": -1.241773009300232,
    "13-9-Carson Kressley": -0.2774660289287567,
    "13-10-Chaz Bono": -0.06699616461992264,
    "13-11-Nancy Grace": 0.13636937737464905,
    "13-12-Rob Kardashian": 0.3341316878795624,
    "14-1-William Levy": 0.35328125953674316,
    "14-2-Jack Wagner": -2.0084424018859863,
    "14-3-Sherri Sheperd": -1.512592077255249,
    "14-4-Jaleel White": -0.4879153370857239,
    "14-5-Roshon Fegan": -0.014829178340733051,
    "14-6-Melissa Gilbert": 0.19653329253196716,
    "14-7-Martina Navratilova": -3.0434892177581787,
    "14-8-Donald Driver": 0.40999558568000793,
    "14-9-Gavin DeGraw": -1.1094651222229004,
    "14-10-Gladys Knight": -0.6151059865951538,
    "14-11-Katherine Jenkins": 0.33041247725486755,
    "14-12-Maria Menounos": 0.26045796275138855,
    "15-1-Gilles Marini": -0.18765467405319214,
    "15-2-Sabrina Bryan": -0.3823849856853485,
    "15-3-Kirstie Alley": -0.04597067832946777,
    "15-4-Kelly Monaco": 0.29072141647338867,
    "15-5-Apolo Anton Ohno": 0.07474584877490997,
    "15-6-Emmitt Smith": 0.17913176119327545,